VanID,newEmail
110673424,newEmail0@test.com
110673425,newEmail1@test.com
110673426,newEmail2@test.com
110673427,newEmail3@test.com
110673428,newEmail5@test.com
110673429,newEmail6@test.com
110673430,newEmail7@test.com
110673431,newEmail8@test.com
110673432,newEmail9@test.com
110673433,newEmail10@test.com
110673434,newEmail12@test.com
110673435,newEmail13@test.com
110673436,newEmail14@test.com
110673437,newEmail15@test.com
110673438,newEmail17@test.com
110673439,newEmail18@test.com
110673440,newEmail20@test.com
110673441,newEmail21@test.com
110673442,newEmail22@test.com
110673443,newEmail23@test.com
110673444,newEmail24@test.com
110673445,newEmail25@test.com
110673446,newEmail26@test.com
110673447,newEmail27@test.com
110673448,newEmail28@test.com
110673449,newEmail29@test.com
110673450,newEmail30@test.com
110673451,newEmail31@test.com
110673452,newEmail32@test.com
110673453,newEmail34@test.com
110673454,newEmail36@test.com
110673455,newEmail37@test.com
110673456,newEmail40@test.com
110673457,newEmail41@test.com
110673458,newEmail42@test.com
110673459,newEmail43@test.com
110673460,newEmail44@test.com
110673461,newEmail45@test.com
110673462,newEmail46@test.com
110673463,newEmail47@test.com
110673464,newEmail48@test.com
110673465,newEmail49@test.com
110673466,newEmail50@test.com
110673467,newEmail52@test.com
110673468,newEmail53@test.com
110673469,newEmail55@test.com
110673470,newEmail56@test.com
110673471,newEmail57@test.com
110673472,newEmail58@test.com
110673473,newEmail59@test.com
110673474,newEmail60@test.com
110673475,newEmail61@test.com
110673476,newEmail62@test.com
110673477,newEmail63@test.com
110673478,newEmail64@test.com
110673479,newEmail65@test.com
110673480,newEmail66@test.com
110673481,newEmail67@test.com
110673482,newEmail68@test.com
110673483,newEmail69@test.com
110673484,newEmail70@test.com
110673485,newEmail71@test.com
110673486,newEmail72@test.com
110673487,newEmail74@test.com
110673488,newEmail75@test.com
110673489,newEmail77@test.com
110673490,newEmail78@test.com
110673491,newEmail80@test.com
110673492,newEmail81@test.com
110673493,newEmail82@test.com
110673494,newEmail83@test.com
110673495,newEmail84@test.com
110673496,newEmail86@test.com
110673497,newEmail87@test.com
110673498,newEmail88@test.com
110673499,newEmail89@test.com
110673500,newEmail90@test.com
110673501,newEmail91@test.com
110673502,newEmail92@test.com
110673503,newEmail93@test.com
110673504,newEmail94@test.com
110673505,newEmail95@test.com
110673506,newEmail96@test.com
110673507,newEmail97@test.com
110673508,newEmail98@test.com
110673509,newEmail99@test.com