GivenName,Surname,StreetAddress,City,State,Zip,Email,HomePhone,Gender
Paul,Mueller,6248 Isabel Flats,East Emmalee,Alaska,90759,paul.mueller@test.com,981-769-2181,male
Godfrey,Feil,4028 Greyson Rue,Gussieburgh,Texas,77382-7741,godfrey.feil@test.com,348-929-0057,they/them
Tomas,Doyle,446 Ole Circles,Port Gardnerburgh,Oklahoma,83737-4285,tomas.doyle@test.com,687-575-9178,male
Jessie,Nikolaus,115 Izaiah Mission,Rathview,Ohio,58052,jessie.nikolaus@test.com,753-308-3783,male
Lora,Senger,920 Davis Station,Ernserberg,Massachusetts,66986-0039,lora.senger@test.com,796-771-9165,female
Malcolm,Jast,35172 Jakubowski Walk,Effertzhaven,Kansas,62004-1972,malcolm.jast@test.com,649-453-5654,male
Angelina,Luettgen,5722 Baron Manor,West Coraliefurt,Oklahoma,64037,angelina.luettgen@test.com,944-704-7837,female
Paula,Sauer,662 Garland Ford,Cleoramouth,Iowa,22674-8838,paula.sauer@test.com,946-615-0889,female
Wayne,Gleason,8017 Sylvester Fall,Hansenchester,Tennessee,21674,wayne.gleason@test.com,646-838-4685,male
Heather,Torp,57308 Camren Row,Lake Armand,West Virginia,55100-3218,heather.torp@test.com,464-615-7252,female
Yvonne,Dooley,13818 Clementina Camp,Kaylinberg,Rhode Island,52364-5900,yvonne.dooley@test.com,852-597-1090,female
Johnnie,Boehm,7370 Rath Street,North Florida,Arkansas,13330,johnnie.boehm@test.com,499-834-5170,male
Walter,Kulas,938 Euna Court,Lilyberg,Maine,82620,walter.kulas@test.com,430-440-7537,male
Kathryn,Marks,18076 Lilla Divide,Suzannemouth,Oregon,98856-3981,kathryn.marks@test.com,725-861-4601,female
Brianne,Cole,5847 Hoeger Turnpike,Hirtheshire,Minnesota,22571-6485,brianne.cole@test.com,218-692-0944,they/them
Jeremie,Prohaska,57683 Green Gardens,Port Madonnaton,South Dakota,34120-1242,jeremie.prohaska@test.com,578-271-3863,they/them
Reva,White,58236 Trinity Mission,Robertshaven,West Virginia,04246,reva.white@test.com,696-810-4877,they/them
Gail,Goldner,110 Leonard Crescent,Elizabethmouth,Illinois,66599-7024,gail.goldner@test.com,932-771-9395,female
Doyle,Kunde,942 Damon Island,Colehaven,Pennsylvania,07596,doyle.kunde@test.com,830-714-4588,male
Nadine,Leffler,216 Conn Estates,Port Angelinehaven,Hawaii,23673-7163,nadine.leffler@test.com,899-452-9469,female
Joanny,Daugherty,0997 Brody Vista,Raoulburgh,Minnesota,79325-3915,joanny.daugherty@test.com,438-430-0125,they/them
Kent,Hane,9234 Casey Route,Goldnerberg,Montana,98327,kent.hane@test.com,913-290-8497,male
Ernesto,Gutkowski,95528 Walter Gateway,Port Daltonside,Maryland,43268-4566,ernesto.gutkowski@test.com,940-791-2878,male
Elsie,Rempel,6977 Jazmyn Wall,Noblemouth,Hawaii,01110,elsie.rempel@test.com,660-962-2421,female
Gail,Ledner,8582 Isabelle Walks,Lake Richmondshire,Kentucky,00459,gail.ledner@test.com,257-778-3100,female
Thomas,Marquardt,5440 Lyda Corners,New Leslie,North Carolina,13720,thomas.marquardt@test.com,855-451-5023,male
Marjorie,Waters,5546 Olga Row,Kamronchester,Alaska,49498,marjorie.waters@test.com,657-485-7423,female
Linda,Goodwin,617 Dayna Stream,Bernhardfort,Pennsylvania,39987,linda.goodwin@test.com,581-206-1661,female
Johnnie,Crooks,5805 Gerda Corners,Bashirianport,Florida,56050,johnnie.crooks@test.com,355-390-1018,male
Dixie,Dickinson,4798 Kaylie Forest,Lake Arianemouth,Rhode Island,98131,dixie.dickinson@test.com,241-688-0233,female
Wanda,Witting,3095 Callie Forges,Pacochamouth,Idaho,78039-9436,wanda.witting@test.com,752-493-0043,female
Maurice,Langworth,5952 Caleb Keys,Heaneytown,North Carolina,43590-4927,maurice.langworth@test.com,881-520-3079,male
Jessie,Wisozk,548 Williamson Trail,Bobbyview,New Jersey,43979,jessie.wisozk@test.com,604-596-8457,male
Angela,Christiansen,584 Albert Gateway,Guadalupebury,California,35549-5055,angela.christiansen@test.com,793-969-9581,female
Jennifer,Yost,5783 O'Reilly Divide,North Leonie,South Carolina,06370,jennifer.yost@test.com,644-868-5401,female
Arturo,Bogisich,44897 Lehner Walks,Port Cale,South Carolina,69275,arturo.bogisich@test.com,698-874-1729,they/them
Suzanne,Johnson,6694 Zelda Prairie,Kleinfurt,Hawaii,59011,suzanne.johnson@test.com,306-855-9082,female
Jamie,Brown,52645 Lebsack Port,Bridiechester,West Virginia,74893-3361,jamie.brown@test.com,886-589-2192,male
Marilyn,Wisoky,62399 Jaskolski Shoal,New Arneside,Kentucky,28824-9724,marilyn.wisoky@test.com,596-820-2265,female
Monty,Cormier,496 Darrick Inlet,West Arely,Georgia,17878-9066,monty.cormier@test.com,895-834-8456,they/them
Eddie,Schmeler,98572 Jakubowski Flats,DuBuqueberg,Missouri,99256,eddie.schmeler@test.com,637-591-4345,male
Lee,Torp,779 Jacky Crossing,Port Jayceemouth,Maine,71029,lee.torp@test.com,871-274-9531,female
Dave,Kirlin,85755 Heathcote Plaza,Lake Jazmin,Virginia,79334-2455,dave.kirlin@test.com,266-875-2400,male
Javier,Dickens,55791 Melvin Plains,Port Gust,South Carolina,18278,javier.dickens@test.com,542-299-5051,male
Denise,DuBuque,72950 Morar Inlet,Veumbury,Ohio,44763,denise.dubuque@test.com,775-257-5006,female
Ivan,Nader,979 Paucek Trail,Dooleyton,Washington,40657-9723,ivan.nader@test.com,576-883-1912,male
Darrin,Rempel,44184 Kuhn Mall,West Melliemouth,Connecticut,18006,darrin.rempel@test.com,338-772-8652,male
Stewart,Farrell,1310 Bartholome Park,Ravenbury,Iowa,46046-8125,stewart.farrell@test.com,873-432-5247,male
Holly,Brown,23228 Blanca Trace,West Kelvinland,Georgia,62349,holly.brown@test.com,966-928-9296,female
Colin,Howell,1434 Kessler Brook,Rennerhaven,West Virginia,61274-9393,colin.howell@test.com,425-945-2951,male
Flora,Bahringer,63772 Leannon Wall,Malachiberg,Maryland,04136,flora.bahringer@test.com,817-747-2934,female
Baron,Smith,98506 Hermiston Parks,West Adolf,Virginia,24494,baron.smith@test.com,997-431-2534,they/them
Blanca,Ebert,6162 Viviane Passage,South Brett,New York,54626,blanca.ebert@test.com,702-393-2668,female
Suzanne,Heidenreich,0995 Parisian Via,Ottilieview,Indiana,08729,suzanne.heidenreich@test.com,826-623-4935,female
Ashley,Bartoletti,7778 Hirthe Divide,North Brionna,California,08571-4553,ashley.bartoletti@test.com,899-232-6645,female
Amelia,Shields,8669 Bart Villages,Port Assunta,Arizona,38776-1899,amelia.shields@test.com,561-866-0275,female
Ginger,Blick,926 Javier Bypass,Kuphalville,New Mexico,80434-2363,ginger.blick@test.com,833-619-1412,female
Ida,Hintz,874 Donnelly River,Pfefferland,North Dakota,28555-5609,ida.hintz@test.com,774-862-2371,female
Omar,Jacobi,3980 McClure Village,Halvorsonchester,Ohio,83611-6958,omar.jacobi@test.com,202-456-6517,male
Sonja,Purdy,43178 Tatum Summit,West Maiaside,North Carolina,56444-9125,sonja.purdy@test.com,838-810-9913,female
Jeffery,Quigley,13131 Simeon Fork,Cyrusport,Texas,45220,jeffery.quigley@test.com,939-239-0946,male
Lexie,Senger,1574 Wolff Crescent,Lake Gertrude,New Mexico,26527,lexie.senger@test.com,364-402-9860,they/them
Ken,Bailey,245 Bailey Haven,Beattyhaven,Mississippi,51355-5324,ken.bailey@test.com,820-878-1960,male
Celia,Beer,5384 Lind Crescent,Goldnermouth,Alaska,37648,celia.beer@test.com,883-735-8059,female
Giovanny,Hauck,15016 Leffler Views,West Hersheltown,Idaho,38854,giovanny.hauck@test.com,711-811-0949,they/them
Sadie,Satterfield,7935 Jenkins Stravenue,Ericstad,Massachusetts,81740-3520,sadie.satterfield@test.com,360-267-9338,female
Hazel,Schaden,7344 Bradtke Viaduct,Rosenbaumland,Ohio,14548,hazel.schaden@test.com,921-595-2381,female
Christie,Lang,825 Estella Greens,North Jayceemouth,Washington,76646,christie.lang@test.com,969-631-5873,female
Johanna,Padberg,67387 Dana Lakes,West Lyricchester,Massachusetts,18822,johanna.padberg@test.com,743-849-2279,female
Hannah,Connelly,0996 Zane Parks,Boscoton,Hawaii,07562-2181,hannah.connelly@test.com,525-514-4426,female
Kelly,Blanda,9417 Beth Landing,Schmittland,Colorado,09704-1718,kelly.blanda@test.com,739-297-5468,female
Hattie,Stiedemann,340 Rudy Ville,Dachhaven,Kentucky,02820-9912,hattie.stiedemann@test.com,854-276-8232,female
Enrique,Gibson,423 Ondricka Brook,Port Arvillaville,North Carolina,16063,enrique.gibson@test.com,433-394-4135,male
Mildred,Wiegand,8900 Nash Haven,Flotown,Delaware,20095,mildred.wiegand@test.com,596-584-3192,female
Kate,Hyatt,8104 Kertzmann Ville,Muellertown,Idaho,52742,kate.hyatt@test.com,611-984-0274,female
Amanda,Anderson,251 Bartell Squares,Lubowitzside,Hawaii,52731-1962,amanda.anderson@test.com,926-589-8918,female
Gerard,Gleichner,4551 Toy Pine,New Bertashire,Kansas,78907,gerard.gleichner@test.com,690-242-7902,male
Elsie,Rippin,328 Mante Stravenue,Helgabury,California,51229-1656,elsie.rippin@test.com,603-236-4919,female
Mindy,Bogisich,762 Josiane Stravenue,Lorabury,Wyoming,43621-9974,mindy.bogisich@test.com,877-902-2263,female
Sue,Hyatt,3435 Ahmed Wells,Allyborough,Tennessee,69048,sue.hyatt@test.com,794-889-5582,female
Alfredo,Jones,972 Erna Crest,South Dusty,Missouri,95043,alfredo.jones@test.com,972-404-4997,male
Fernando,Medhurst,257 Donny Isle,East Caterinaton,Missouri,47432,fernando.medhurst@test.com,270-428-9150,male
Brandon,Conn,03416 Halvorson Bypass,Kurtisstad,Nevada,02998-3327,brandon.conn@test.com,829-921-9093,male
Jeremy,Will,6913 Kyra Mountain,New Terence,North Carolina,92460,jeremy.will@test.com,781-826-9083,male
Valerie,Schuster,2410 Buck Cove,Caraburgh,Louisiana,30512-1562,valerie.schuster@test.com,908-450-5426,female
Ida,Mueller,883 Moore Streets,New Chanelleville,South Dakota,52803-3745,ida.mueller@test.com,899-997-1279,female
Ramiro,King,181 Hortense Hollow,West Nicktown,Missouri,69062-2483,ramiro.king@test.com,863-286-4530,male
Donald,MacGyver,3713 O'Connell Knolls,Jakubowskiberg,Vermont,59628-3442,donald.macgyver@test.com,414-248-0499,male
Tanya,Bergstrom,893 Kattie Rue,Lake Carleton,Rhode Island,29335-1371,tanya.bergstrom@test.com,627-499-5279,female
Joel,Runolfsdottir,84042 Clinton Route,West Cathy,Mississippi,05926-0732,joel.runolfsdottir@test.com,451-749-0372,male
Sonia,Stoltenberg,35304 Rosie Mill,Stiedemannmouth,West Virginia,28759-8362,sonia.stoltenberg@test.com,836-440-7740,female
Kristopher,Kovacek,708 Lakin Run,West Steveland,Louisiana,66597-0118,kristopher.kovacek@test.com,743-655-2313,they/them
Ella,Padberg,91780 Okuneva Villages,Verdiestad,Kentucky,02286,ella.padberg@test.com,475-292-0816,female
Tiffany,Moen,8904 Schaden Oval,Meaganstad,North Dakota,64005,tiffany.moen@test.com,336-582-0648,female
Guadalupe,Kuhlman,1806 Gleason Mountain,North Francisberg,Oregon,55458-4415,guadalupe.kuhlman@test.com,983-415-1123,female
George,Swaniawski,87569 Cassin Loaf,Uriahmouth,Colorado,06822,george.swaniawski@test.com,647-359-5381,male
Shannon,Mraz,7110 Marquardt Prairie,North Ardellaville,Connecticut,55599-9907,shannon.mraz@test.com,313-306-9485,male
Virgil,Okuneva,3081 Carson Haven,Crookston,Idaho,34301-7772,virgil.okuneva@test.com,913-842-0844,male
Raquel,Waelchi,567 Ullrich Summit,East Jaylon,Virginia,45545,raquel.waelchi@test.com,361-978-0308,female
Dolores,Wiza,395 Billy Extension,East Nigel,Arizona,09384-8387,dolores.wiza@test.com,908-963-2009,female