GivenName,Surname,StreetAddress,City,State,Zip,Email,HomePhone,Gender
Dallas,Kessler,88710 Derrick Square,Bernhardmouth,Virginia,65925,dallas.kessler@test.com,(685) 850-4342 x8381,male
Rafael,Hickle,840 May Views,Brownberg,Oklahoma,03278-4277,rafael.hickle@test.com,(903) 960-8482 x176,male
Liza,Dickinson,873 Grady Loaf,North Alphonsomouth,Colorado,50858-3181,liza.dickinson@test.com,986-635-3292 x050,they/them
Mariah,Hudson,45284 Veronica Streets,South Finn,Maine,48897-5811,mariah.hudson@test.com,(997) 818-4096 x77017,they/them
Agustin,Prohaska,0693 Marquardt Meadows,New Felicia,Virginia,80378,agustin.prohaska@test.com,1-533-612-9589 x436,they/them
Grace,Sanford,50181 Buck Drive,Lindgrenborough,Alaska,43821-6731,grace.sanford@test.com,529.302.4188,female
Hazel,Grimes,9808 Elise Locks,Nellahaven,Arizona,42657,hazel.grimes@test.com,(701) 696-1560 x078,female
Heidi,Parisian,318 Jones Junction,East Destinychester,Nevada,01402,heidi.parisian@test.com,(691) 843-5144,female
Ismael,Renner,28190 Armani Forges,Keelingfort,Ohio,25289,ismael.renner@test.com,1-984-464-9289,male
Carlos,Quigley,20153 Santos Prairie,East Clementinechester,Montana,67622-5803,carlos.quigley@test.com,519.650.5360,male
Jack,Marvin,486 Fadel Pike,South Rhett,Alabama,24243-0446,jack.marvin@test.com,975.454.2684 x414,male
Michael,Denesik,301 Korbin Viaduct,North Edstad,Indiana,59416,michael.denesik@test.com,205.722.2017 x036,male
Salma,Effertz,1723 Ethel Ports,Rosenbaumberg,Wyoming,17016,salma.effertz@test.com,586-334-7089 x77335,they/them
Kellie,Kilback,53330 Karina Mount,West Freddiebury,Alabama,96266-9421,kellie.kilback@test.com,1-207-577-5866 x547,female
Heidi,Lubowitz,2168 Frederic Port,Treutelchester,New York,40689-9985,heidi.lubowitz@test.com,387-458-4356 x92171,they/them
Sarah,Mante,062 Willms Fall,South Kurtborough,Rhode Island,93657,sarah.mante@test.com,(240) 438-0001 x7466,female
Maggie,Lubowitz,057 Palma Isle,Lake Orval,Rhode Island,15582-4603,maggie.lubowitz@test.com,(298) 389-0504 x192,female
Larry,Brown,90331 Mosciski Burgs,Gideonfurt,Arizona,61850,larry.brown@test.com,464.657.1434 x59989,male
Darrell,Toy,70673 Gutmann Valleys,Gusikowskifort,West Virginia,54070-2309,darrell.toy@test.com,978.457.3904 x1052,male
Vivian,Gulgowski,25603 Beatty Trace,West Amelie,Utah,53730,vivian.gulgowski@test.com,1-332-876-9625 x2986,female
Neil,Kulas,8450 Elna Ford,West Eddie,Oklahoma,92048,neil.kulas@test.com,669.515.7659,male
Cameron,Stokes,71709 Bailey Manor,Johnstonmouth,Iowa,97627-2022,cameron.stokes@test.com,(472) 791-6693 x02529,male
Robin,Oberbrunner,76050 Ryley Unions,New Gavin,New Mexico,88315,robin.oberbrunner@test.com,1-215-713-2197 x548,female
Faith,Towne,75673 Terry Stream,Emeraldtown,Missouri,15239,faith.towne@test.com,331.707.6913,female
Andres,Schumm,568 Heaney Viaduct,Mohrbury,Utah,58916-9768,andres.schumm@test.com,798-856-1403 x934,male
Eduardo,Klocko,12718 Demond Circle,East Herthachester,Montana,22318,eduardo.klocko@test.com,1-491-581-2523 x0523,male
Opal,Olson,40721 Keegan Trace,West Shawnfort,Ohio,13303-2344,opal.olson@test.com,(589) 940-2671 x54933,female
Ethel,Casper,738 Turner Estate,Eleonorefurt,Rhode Island,76907,ethel.casper@test.com,950-335-0808 x428,female
Leigh,VonRueden,470 Ronny Garden,Mullerfurt,Minnesota,57290,leigh.vonrueden@test.com,1-472-536-8841 x271,female
Nicole,Buckridge,65596 Jermaine Courts,Lake Karolann,Maryland,59917-5051,nicole.buckridge@test.com,975-875-1575,female
Garrett,Conn,90346 Tillman Terrace,South Leannburgh,Texas,88894-9243,garrett.conn@test.com,(341) 737-6300,male
Green,Bins,9645 Mohammed Prairie,West Roel,Georgia,33226,green.bins@test.com,(314) 928-0977,they/them
Paul,Mayert,778 Roxanne Lodge,Lake Turnerton,Arizona,09984-2656,paul.mayert@test.com,246-947-1095,male
Irene,Brakus,169 Eladio Point,East Malikaborough,Texas,24204,irene.brakus@test.com,915-485-6865,female
Jenny,Goldner,3015 Emelia Way,Shawnamouth,Delaware,40397-1374,jenny.goldner@test.com,(805) 277-1844,female
Alberto,MacGyver,7647 Waters Circle,Marquardtshire,Connecticut,25555-8594,alberto.macgyver@test.com,1-374-928-7837 x07664,male
Trevor,Leffler,314 Schiller Route,East Garnett,Vermont,01191,trevor.leffler@test.com,(431) 766-2357,male
Willis,Beahan,6050 Kuvalis Fall,Lindtown,Maryland,30498,willis.beahan@test.com,887.881.2704 x5648,male
Agnes,Parisian,037 Marjorie Prairie,South Conradstad,New Jersey,54138-0407,agnes.parisian@test.com,338.665.8196 x3210,female
Derek,Bosco,107 Lottie Summit,Whitefurt,Texas,01851,derek.bosco@test.com,824.706.8820 x22591,male
Shelly,Bogisich,3062 Hansen Circles,Pourosshire,Vermont,17352,shelly.bogisich@test.com,1-486-983-6683 x513,female
Harold,Runolfsson,06965 Sarah Alley,Gibsonshire,Virginia,86344-6962,harold.runolfsson@test.com,(490) 707-7490 x358,male
Alexis,Blanda,88467 Koch Junctions,West Retha,Idaho,76607,alexis.blanda@test.com,1-213-603-7428 x325,female
Loretta,Lockman,703 Windler Circle,Alfredborough,Virginia,48903-8372,loretta.lockman@test.com,722-296-2555,female
Carol,Stoltenberg,3134 Lillian Tunnel,Lubowitzbury,Iowa,29758,carol.stoltenberg@test.com,(679) 995-1207,female
Ed,Thompson,2021 Ebba Vista,Lake Jameson,Wisconsin,22942,ed.thompson@test.com,1-393-994-8216,male
Bill,Bradtke,38818 Annamarie Curve,Port Paige,Illinois,90492-8536,bill.bradtke@test.com,299-324-6217,male
Naomi,Shields,598 Yoshiko Drive,East Jeradfort,Colorado,96326-0137,naomi.shields@test.com,1-462-288-9531,female
Edgar,Koss,1620 Howell Keys,Lefflerberg,Delaware,18413-4437,edgar.koss@test.com,(279) 538-0308 x686,male
Olga,Simonis,4612 Marks Mill,Schusterside,Florida,03282-2074,olga.simonis@test.com,(204) 384-3631 x91340,female
Glenda,Cronin,36522 Chelsey Plains,North Alysahaven,Virginia,91035,glenda.cronin@test.com,(580) 563-2933 x90602,female
Tony,Trantow,948 Madie Rue,North Kamillebury,Missouri,43359-3520,tony.trantow@test.com,1-732-975-4103 x740,male
Leslie,Franecki,3207 Marguerite Brook,East Erikatown,Tennessee,46566-6531,leslie.franecki@test.com,602.325.2971 x402,female
Sonia,Schmitt,910 Ernestine Isle,Zechariahton,South Carolina,26349,sonia.schmitt@test.com,1-795-220-6143,female
Stuart,Torphy,08106 Letha Fall,North Elmoreton,Arkansas,90403,stuart.torphy@test.com,(637) 576-6420 x3335,male
Sherri,Morar,548 Reina Dam,Lorenaberg,California,33556,sherri.morar@test.com,1-224-818-2448,female
Rosa,Rice,415 Kunde Run,Erlingberg,Utah,04760-5805,rosa.rice@test.com,976.700.0471,female
Felicia,Kub,439 Treutel Drive,Kerlukechester,Georgia,47585,felicia.kub@test.com,524-886-7021 x36327,female
Erin,Howe,1974 Carter Locks,North Dedrickburgh,North Carolina,69452,erin.howe@test.com,(659) 768-6273 x858,female
Tracy,Homenick,5505 Wehner Ridge,Mireilleview,Georgia,74170,tracy.homenick@test.com,785.331.4285 x2041,male
Peter,Kilback,212 Hagenes Locks,New Boyd,Nevada,91800-5091,peter.kilback@test.com,1-715-998-1062,male
Kristine,Emmerich,97427 Rosalind Alley,Jeremyville,Georgia,15418,kristine.emmerich@test.com,1-460-514-4216 x985,female
Genevieve,Schmidt,224 Alanna Ville,Lake Kaitlynfort,Michigan,22304-1730,genevieve.schmidt@test.com,(610) 442-7827 x74416,female
Eugene,Paucek,670 Brown Run,Langworthchester,North Carolina,96431,eugene.paucek@test.com,526.734.6329 x0400,male
Eric,O'Hara,773 Daisy Coves,Marisoltown,Mississippi,84271,eric.o'hara@test.com,(875) 729-6052 x10930,male
Sandra,Ankunding,5772 Kuhn Vista,Lakinport,Maryland,01058,sandra.ankunding@test.com,721-776-7752 x29997,female
Deanna,Nicolas,882 Klocko Village,Nilschester,Nebraska,31845-2516,deanna.nicolas@test.com,333-972-4454 x81652,female
Wilbur,Heathcote,9125 Helene Stravenue,Stammborough,Delaware,95210,wilbur.heathcote@test.com,1-532-492-7603 x799,male
Lisa,Pouros,9797 Hills Rest,Greenberg,Oregon,50042-5246,lisa.pouros@test.com,951-745-5747 x50539,female
Virginia,Hamill,22851 Eloise Forest,Greenhaven,Wisconsin,78500,virginia.hamill@test.com,588.926.9154 x05523,female
Ruby,Stiedemann,38906 Barton Roads,VonRuedenfort,Minnesota,24553-9586,ruby.stiedemann@test.com,291-748-9158,female
Melissa,Botsford,5190 Barton Run,Flavieport,Michigan,44506-0614,melissa.botsford@test.com,947.626.5932 x02214,female
Wilson,Kunde,971 Charles Glens,Ursulamouth,New Hampshire,74354-0224,wilson.kunde@test.com,1-635-581-8138,male
Susan,Blanda,094 Rosenbaum Crest,South Abner,New Hampshire,46575,susan.blanda@test.com,(830) 904-8351 x862,female
Marianne,Padberg,84607 Raynor Expressway,Lefflerburgh,Texas,28777,marianne.padberg@test.com,(323) 676-6657,female
Carroll,Jones,480 Jenkins Loaf,Lake Zander,North Dakota,07475-6170,carroll.jones@test.com,412-838-3504,male
Floyd,Blanda,57871 Ritchie Station,Elenaborough,Alabama,47934,floyd.blanda@test.com,739.252.1918 x356,male
Adrienne,Moen,916 Yundt Grove,West Lera,Tennessee,96520-2942,adrienne.moen@test.com,484.209.1796 x7599,female
Joanna,O'Keefe,13228 Hoppe Well,Shawnashire,Mississippi,69674,joanna.o'keefe@test.com,885.445.5733 x850,female
Thelma,Mohr,777 Allie Lights,West Brooksstad,Alabama,18539-3277,thelma.mohr@test.com,540-322-9119,female
Erma,Walker,60887 Fahey Club,West Claudiastad,Delaware,17888,erma.walker@test.com,(977) 717-6377 x0806,female
Caleb,Schmeler,64060 Windler Court,East Liliana,Rhode Island,05209-1015,caleb.schmeler@test.com,616-900-3965,male
Perry,Runolfsdottir,379 Raymundo Highway,Lake Bernice,Ohio,56162,perry.runolfsdottir@test.com,1-971-318-3681,male
Mildred,Williamson,10225 Jess Via,North Theronhaven,Minnesota,84011-9494,mildred.williamson@test.com,754.632.6543 x8351,female
Tara,Nitzsche,647 Lind Views,West Tyreeton,Missouri,61502-8263,tara.nitzsche@test.com,977.504.1602 x97976,they/them
Joyce,Parisian,17729 Mills Turnpike,Mayertmouth,Wyoming,94431-1406,joyce.parisian@test.com,920.845.1496,female
Ebony,Rippin,629 Lehner Villages,Lednertown,Oregon,81285,ebony.rippin@test.com,533-895-3579,they/them
Sandra,Nolan,37755 Raegan Oval,Jacobsmouth,Virginia,19981,sandra.nolan@test.com,(457) 330-0013,female
Ron,Thiel,399 Mohr Cove,Dereckland,Minnesota,36027,ron.thiel@test.com,554.663.0455,male
Leo,Spencer,45351 Tate Mountain,Reinamouth,Tennessee,39648-2765,leo.spencer@test.com,501.997.6009 x837,male
Ira,Wolff,30892 Marvin Island,Runolfsdottirton,Utah,54606-1050,ira.wolff@test.com,1-973-676-9349,male
Oscar,Kunze,6573 Michaela Ridges,Framimouth,Hawaii,13751,oscar.kunze@test.com,561.526.2818 x853,male
Kristopher,Kozey,0156 Marion Field,Kuphalhaven,Mississippi,98826-3778,kristopher.kozey@test.com,841.554.1827,male
Douglas,Ankunding,5165 Baumbach Port,Lake Jacky,Alaska,54657,douglas.ankunding@test.com,374-749-5798,male
Sharon,Douglas,627 Cali Pines,Leonorberg,Nebraska,90962-2545,sharon.douglas@test.com,478-618-5373 x99992,female
Ray,Hayes,9145 Bednar Via,Port Beulah,New Jersey,64485,ray.hayes@test.com,362.945.9866 x215,male
Ronald,Murazik,324 Kunde Estate,South Jeffry,California,09012-3507,ronald.murazik@test.com,472-816-2257 x8715,male
Ruby,Mante,282 Brandi Curve,Minahaven,Louisiana,96741,ruby.mante@test.com,(621) 927-6345,female
Gina,Hagenes,426 Gulgowski Roads,South Rubietown,Florida,56214-4168,gina.hagenes@test.com,765.823.7942,female
Cristina,Hickle,8021 Aurelio Ville,Nicklausmouth,Oregon,03929,cristina.hickle@test.com,(475) 971-2526 x022,female